row ID,row m/z,row retention time,1.mzXML Peak area
1,265.19177,0.6278333333333334,0
2,304.30036,2.8281666666666667,0
