row ID,row m/z,row retention time,1.mzXML Peak area
1,265.19177,0.6278333333333334,0
2,304.30036,2.8281666666666667,0
3,346.3101,3.7155,0
4,330.27918,2.134,0
5,222.15989,1.5338333333333334,0
6,254.12878,1.1358333333333335,0
7,420.21508,1.9263333333333332,0
8,262.10906,1.9321666666666668,0
9,197.08149,1.996,0
10,503.38552,1.6571666666666667,0
