row ID,row m/z,row retention time,1.mzXML Peak area
41,318.28039,2.0091666666666668,0
42,316.26403,1.9303333333333332,0
43,332.29616,2.0708333333333333,0
44,330.27968,2.007166666666667,0
45,332.29585,2.0711666666666666,0
46,491.33806,1.1335000000000002,0
47,465.10283,1.4601666666666666,0
48,271.0966,3.1646666666666667,0
49,566.22293,1.5043333333333335,0
50,258.14883,1.595,0
