row ID,row m/z,row retention time,1.mzXML Peak area
61,518.34783,1.9308333333333332,0
62,205.13374,0.4905,0
63,328.285,7.252,0
64,175.12322,1.1903333333333335,0
65,163.03905,1.5878333333333332,0
66,196.0759,2.5551666666666666,0
67,350.17552,1.5853333333333335,0
68,345.09724,3.3008333333333337,0
69,139.03891,1.2448333333333332,0
70,218.11749,0.8691666666666666,0
