row ID,row m/z,row retention time,1.mzXML Peak area
71,209.12864,1.2570000000000001,0
72,611.31195,1.3886666666666665,0
73,314.26956,2.000166666666667,0
74,605.3122,22.2883,0
75,285.03921,3.2218333333333335,0
76,611.15991,1.3843333333333334,0
77,309.09461,2.0723333333333334,0
78,247.1334,2.3474999999999997,0
79,304.15447,1.1215000000000002,0
80,193.04988,1.9943333333333333,0
