row ID,row m/z,row retention time,1.mzXML Peak area
81,235.21705,0.7798333333333333,0
82,586.30168,3.0829999999999997,0
