row ID,row m/z,row retention time,1.mzXML Peak area
83,199.0609,1.3268333333333333,0
84,309.19686,1.5323333333333333,0
