row ID,row m/z,row retention time,1.mzXML Peak area
85,204.12476,1.3299999999999998,0
86,138.05553,0.36816666666666664,0
