row ID,row m/z,row retention time,1.mzXML Peak area
89,345.09711,4.329833333333334,0
90,207.13812,1.4523333333333333,0
