row ID,row m/z,row retention time,1.mzXML Peak area
51,195.06537,1.6603333333333334,0
52,320.29573,2.068166666666667,0
53,285.07616,1.7890000000000001,0
54,465.10493,1.4481666666666666,0
55,317.06603,2.2733333333333334,0
56,287.05532,2.2671666666666668,0
57,249.19614,0.856,0
58,406.2493,2.418,0
59,326.16003,1.0178333333333334,0
60,465.10289,1.4520000000000002,0
