row ID,row m/z,row retention time,1.mzXML Peak area
81,235.21705,0.7798333333333333,0
82,586.30168,3.0829999999999997,0
83,199.0609,1.3268333333333333,0
84,309.19686,1.5323333333333333,0
85,204.12476,1.3299999999999998,0
86,138.05553,0.36816666666666664,0
87,195.10165,3.2239999999999998,0
88,378.20627,2.0601666666666665,0
89,345.09711,4.329833333333334,0
90,207.13812,1.4523333333333333,0
