row ID,row m/z,row retention time,1.mzXML Peak area
87,195.10165,3.2239999999999998,0
88,378.20627,2.0601666666666665,0
