Conformation	E (kcal/mol)	E rel (kcal/mol)	Ki	P	Pc
1	191.577	0	1	34.19 %	30.48 %
2	191.64	0.1	0.899116427114351	30.74 %	57.89 %
4	192.09	0.5	0.420658564473487	14.38 %	87.05 %
5	192.458	0.9	0.226024821193616	7.73 %	92.78 %
6	192.635	1.1	0.167648972821546	5.73 %	85.12 %
7	193.083	1.5	0.0787011105564245	2.69 %	87.35 %
8	193.127	1.6	0.073067680569656	2.50 %	89.16 %
9	193.25	1.7	0.0593685480426698	2.03 %	100.00 %
