ID	file name	exact mass
91	481	481.2182
92	645	645.3775005
93	647	647.3568054
94	703	703.4227905
95	733-2	733.3602905
96	pyrovobasinelike-525	525.2780228
