ID	file name	exact mass
4	481	481.2182
7	645	645.3775005
8	647	647.3568054
10	703	703.4227905
11	733-2	733.3602905
90	pyrovobasinelike-525	525.2780228
